ensemble_method,accuracy,precision,recall,f1
hard_voting,0.8433333333333334,0.8390940269921161,0.8544887316073757,0.8406401519004509
weighted_voting,0.84,0.8373954812310976,0.8532315142484634,0.8376623376623377
soft_voting,0.8366666666666667,0.8346672002134188,0.8504842615012107,0.8344128414531118
