ensemble_method,accuracy,precision,recall,f1
hard_voting,0.86,0.8563034188034188,0.8726951015086608,0.8577171507294818
soft_voting,0.8466666666666667,0.8453058321479374,0.8617060905196499,0.8446715591373644
weighted_voting,0.8466666666666667,0.8453058321479374,0.8617060905196499,0.8446715591373644
