PEFT_Type,eval_loss,accuracy,f1_score,run_time_sec
LoRa,0.63692706823349,0.6733333333333333,0.644318047161986,59.6278395652771
PromptTuning,0.6903011202812195,0.5333333333333333,0.5285196782710138,45.217572927474976
AdaLoRA,1.6717594861984253,0.6333333333333333,0.6157732474617855,49.76961946487427
