model,fusion,accuracy,f1,precision,recall,best_dev_f1
DeBERTa + BLIP,proj_concat,0.87,0.8505747126436781,0.7762237762237763,0.940677966101695,0.8955223880597015
DeBERTa + BLIP,gated,0.8666666666666667,0.84,0.7954545454545454,0.8898305084745762,0.8794326241134752
DeBERTa + BLIP,weighted_mean,0.8633333333333333,0.8392156862745098,0.781021897810219,0.9067796610169492,0.8936170212765957
DeBERTa + BLIP,mean,0.86,0.8372093023255814,0.7714285714285715,0.9152542372881356,0.8811188811188811
DeBERTa + BLIP,concat,0.8566666666666667,0.8326848249027238,0.7697841726618705,0.9067796610169492,0.8905109489051095
