model,fusion,accuracy,f1,precision,recall,best_dev_f1
DeBERTa + BLIP,proj_concat,0.8733333333333333,0.8515625,0.7898550724637681,0.923728813559322,0.8787878787878788
DeBERTa + BLIP,mean,0.8566666666666667,0.833976833976834,0.7659574468085106,0.9152542372881356,0.896551724137931
DeBERTa + BLIP,gated,0.8533333333333334,0.8320610687022901,0.7569444444444444,0.923728813559322,0.896551724137931
DeBERTa + BLIP,weighted_mean,0.8433333333333334,0.8239700374531835,0.738255033557047,0.9322033898305084,0.8695652173913043
DeBERTa + BLIP,concat,0.84,0.8195488721804511,0.7364864864864865,0.923728813559322,0.8695652173913043
