technique,accuracy,precision,recall,f1
synonym,0.8566666666666667,0.7622377622377622,0.923728813559322,0.8352490421455939
back_translation,0.8533333333333334,0.7534246575342466,0.9322033898305084,0.8333333333333334
paraphrase,0.8433333333333334,0.7414965986394558,0.923728813559322,0.8226415094339623
Raw,0.83,0.7161290322580646,0.940677966101695,0.8131868131868132
noise,0.79,0.6687116564417178,0.923728813559322,0.7758007117437722
