technique,accuracy,precision,recall,f1
paraphrase,0.8566666666666667,0.8515321825237522,0.8669677779847271,0.853938563615983
noise,0.8533333333333334,0.8486361205205919,0.8642205252374744,0.8506787330316743
synonym,0.8466666666666667,0.8410714285714286,0.855745948966288,0.8436012511899904
Raw,0.8466666666666667,0.8410714285714286,0.855745948966288,0.8436012511899904
back_translation,0.8233333333333334,0.8290276602378512,0.8439653566772212,0.822097902097902
