{
    "learning_rate": 3.3535731125862e-05,
    "weight_decay": 0.10885871127380219,
    "batch_size": 16,
    "num_train_epochs": 4,
    "warmup_ratio": 0.002444416289117842,
    "dropout": 0.10580877999417745
}