accuracy,f1,precision,recall
0.8466666666666667,0.8217054263565892,0.7571428571428571,0.8983050847457628
