model,accuracy,precision,recall,f1_score,augmented,seed
roberta-base,0.6066666666666667,0.30333333333333334,0.5,0.3775933609958506,True,42
