model,accuracy,precision,recall,f1_score,augmented,seed
roberta-base,0.8433333333333334,0.8352003252179412,0.8455485192773329,0.8386709230082724,True,42
